{"data_time": 0.004117909818887711, "eta_seconds": 43.65384757518768, "fast_rcnn/cls_accuracy": 0.60546875, "fast_rcnn/false_negative": 0.5208695652173914, "fast_rcnn/fg_cls_accuracy": 0.4791304347826087, "iteration": 19, "loss_box_reg": 0.6037051677703857, "loss_cls": 0.6665221750736237, "loss_mask": 0.6872979998588562, "loss_rpn_cls": 0.018538343720138073, "loss_rpn_loc": 0.005268367240205407, "lr": 9.7405e-06, "mask_rcnn/accuracy": 0.6978900935374149, "mask_rcnn/false_negative": 0.00014179298541748553, "mask_rcnn/false_positive": 0.9161043548691445, "rank_data_time": 0.004117909818887711, "roi_head/num_bg_samples": 52.5, "roi_head/num_fg_samples": 11.5, "rpn/num_neg_anchors": 252.25, "rpn/num_pos_anchors": 3.75, "time": 0.090945515781641, "total_loss": 1.9714515099767596}
{"data_time": 0.004296732600778341, "eta_seconds": 41.01845278404653, "fast_rcnn/cls_accuracy": 0.828125, "fast_rcnn/false_negative": 0.9089068825910931, "fast_rcnn/fg_cls_accuracy": 0.09109311740890688, "iteration": 39, "loss_box_reg": 0.569078266620636, "loss_cls": 0.5582001805305481, "loss_mask": 0.6571238934993744, "loss_rpn_cls": 0.017978853546082973, "loss_rpn_loc": 0.005327060353010893, "lr": 1.97305e-05, "mask_rcnn/accuracy": 0.7356125485908649, "mask_rcnn/false_negative": 0.0, "mask_rcnn/false_positive": 0.8367208383587932, "rank_data_time": 0.004296732600778341, "roi_head/num_bg_samples": 53.25, "roi_head/num_fg_samples": 10.75, "rpn/num_neg_anchors": 252.25, "rpn/num_pos_anchors": 3.75, "time": 0.08755866903811693, "total_loss": 1.8181293355301023}
{"data_time": 0.0046599749475717545, "eta_seconds": 39.23504179343581, "fast_rcnn/cls_accuracy": 0.7890625, "fast_rcnn/false_negative": 1.0, "fast_rcnn/fg_cls_accuracy": 0.0, "iteration": 59, "loss_box_reg": 0.7499578893184662, "loss_cls": 0.46535034477710724, "loss_mask": 0.603457510471344, "loss_rpn_cls": 0.010783468373119831, "loss_rpn_loc": 0.003719071391969919, "lr": 2.9720499999999998e-05, "mask_rcnn/accuracy": 0.7624285825441288, "mask_rcnn/false_negative": 0.000290059235443935, "mask_rcnn/false_positive": 0.7679528041311545, "rank_data_time": 0.0046599749475717545, "roi_head/num_bg_samples": 50.5, "roi_head/num_fg_samples": 13.5, "rpn/num_neg_anchors": 252.75, "rpn/num_pos_anchors": 3.25, "time": 0.08928510081022978, "total_loss": 1.8196752026560716}
{"data_time": 0.0045884656719863415, "eta_seconds": 37.70817032083869, "fast_rcnn/cls_accuracy": 0.80078125, "fast_rcnn/false_negative": 1.0, "fast_rcnn/fg_cls_accuracy": 0.0, "iteration": 79, "loss_box_reg": 0.6949756145477295, "loss_cls": 0.38997529447078705, "loss_mask": 0.5266000926494598, "loss_rpn_cls": 0.011505922768265009, "loss_rpn_loc": 0.004627030109986663, "lr": 3.9710500000000005e-05, "mask_rcnn/accuracy": 0.7837274332810047, "mask_rcnn/false_negative": 0.0009160135103714963, "mask_rcnn/false_positive": 0.6907047057989391, "rank_data_time": 0.0045884656719863415, "roi_head/num_bg_samples": 51.0, "roi_head/num_fg_samples": 13.0, "rpn/num_neg_anchors": 252.5, "rpn/num_pos_anchors": 3.5, "time": 0.09069354180246592, "total_loss": 1.6879616077058017}
{"data_time": 0.004919832106679678, "eta_seconds": 36.19619030505419, "fast_rcnn/cls_accuracy": 0.7890625, "fast_rcnn/false_negative": 1.0, "fast_rcnn/fg_cls_accuracy": 0.0, "iteration": 99, "loss_box_reg": 0.7933653593063354, "loss_cls": 0.3478032350540161, "loss_mask": 0.44475771486759186, "loss_rpn_cls": 0.007966286037117243, "loss_rpn_loc": 0.004178761970251799, "lr": 4.97005e-05, "mask_rcnn/accuracy": 0.8138008179462262, "mask_rcnn/false_negative": 0.001111668185914972, "mask_rcnn/false_positive": 0.6043131789372889, "rank_data_time": 0.004919832106679678, "roi_head/num_bg_samples": 50.0, "roi_head/num_fg_samples": 14.0, "rpn/num_neg_anchors": 252.5, "rpn/num_pos_anchors": 3.5, "time": 0.09638954931870103, "total_loss": 1.6367444281931967}
{"data_time": 0.004575461149215698, "eta_seconds": 34.47365405037999, "fast_rcnn/cls_accuracy": 0.859375, "fast_rcnn/false_negative": 0.5720766129032258, "fast_rcnn/fg_cls_accuracy": 0.4279233870967742, "iteration": 119, "loss_box_reg": 0.8564459383487701, "loss_cls": 0.2882191836833954, "loss_mask": 0.3869379758834839, "loss_rpn_cls": 0.007408093195408583, "loss_rpn_loc": 0.0036816992796957493, "lr": 5.96905e-05, "mask_rcnn/accuracy": 0.8535640260568513, "mask_rcnn/false_negative": 0.0031934901028451163, "mask_rcnn/false_positive": 0.5407391287835395, "rank_data_time": 0.004575461149215698, "roi_head/num_bg_samples": 48.0, "roi_head/num_fg_samples": 16.0, "rpn/num_neg_anchors": 252.5, "rpn/num_pos_anchors": 3.5, "time": 0.0914415791630745, "total_loss": 1.5449494631029665}
{"data_time": 0.004710888024419546, "eta_seconds": 32.779913395643234, "fast_rcnn/cls_accuracy": 0.95703125, "fast_rcnn/false_negative": 0.140625, "fast_rcnn/fg_cls_accuracy": 0.859375, "iteration": 139, "loss_box_reg": 0.8345662951469421, "loss_cls": 0.22916827350854874, "loss_mask": 0.33109866082668304, "loss_rpn_cls": 0.0054130342323333025, "loss_rpn_loc": 0.0033075930550694466, "lr": 6.96805e-05, "mask_rcnn/accuracy": 0.8736248405612246, "mask_rcnn/false_negative": 0.0045232777634132085, "mask_rcnn/false_positive": 0.41619999863907015, "rank_data_time": 0.004710888024419546, "roi_head/num_bg_samples": 48.0, "roi_head/num_fg_samples": 16.0, "rpn/num_neg_anchors": 252.25, "rpn/num_pos_anchors": 3.75, "time": 0.09289370477199554, "total_loss": 1.3943651872687042}
{"data_time": 0.0039693922735750675, "eta_seconds": 30.69928988814354, "fast_rcnn/cls_accuracy": 0.96875, "fast_rcnn/false_negative": 0.0625, "fast_rcnn/fg_cls_accuracy": 0.9375, "iteration": 159, "loss_box_reg": 0.7860201597213745, "loss_cls": 0.16852176189422607, "loss_mask": 0.2765628695487976, "loss_rpn_cls": 0.001970107783563435, "loss_rpn_loc": 0.002771371277049184, "lr": 7.967050000000001e-05, "mask_rcnn/accuracy": 0.9024234693877551, "mask_rcnn/false_negative": 0.008094950972176839, "mask_rcnn/false_positive": 0.33294025157232704, "rank_data_time": 0.0039693922735750675, "roi_head/num_bg_samples": 48.0, "roi_head/num_fg_samples": 16.0, "rpn/num_neg_anchors": 253.0, "rpn/num_pos_anchors": 3.0, "time": 0.08633313933387399, "total_loss": 1.2541604271536926}
{"data_time": 0.004834605380892754, "eta_seconds": 28.953760266304016, "fast_rcnn/cls_accuracy": 0.984375, "fast_rcnn/false_negative": 0.0, "fast_rcnn/fg_cls_accuracy": 1.0, "iteration": 179, "loss_box_reg": 0.6921993792057037, "loss_cls": 0.12247906625270844, "loss_mask": 0.2390049695968628, "loss_rpn_cls": 0.0010951136937364936, "loss_rpn_loc": 0.0026998212561011314, "lr": 8.966049999999999e-05, "mask_rcnn/accuracy": 0.9147401147959184, "mask_rcnn/false_negative": 0.008273757081276653, "mask_rcnn/false_positive": 0.26765389716127513, "rank_data_time": 0.004834605380892754, "roi_head/num_bg_samples": 48.0, "roi_head/num_fg_samples": 16.0, "rpn/num_neg_anchors": 252.5, "rpn/num_pos_anchors": 3.5, "time": 0.09105089446529746, "total_loss": 1.0583463972434402}
{"data_time": 0.004732313100248575, "eta_seconds": 27.216042671352625, "fast_rcnn/cls_accuracy": 0.9921875, "fast_rcnn/false_negative": 0.0, "fast_rcnn/fg_cls_accuracy": 1.0, "iteration": 199, "loss_box_reg": 0.5164344608783722, "loss_cls": 0.07551473379135132, "loss_mask": 0.1872824802994728, "loss_rpn_cls": 0.00040863032336346805, "loss_rpn_loc": 0.0024366413708776236, "lr": 9.96505e-05, "mask_rcnn/accuracy": 0.9404894770408163, "mask_rcnn/false_negative": 0.013207278508968908, "mask_rcnn/false_positive": 0.17465996978936174, "rank_data_time": 0.004732313100248575, "roi_head/num_bg_samples": 48.0, "roi_head/num_fg_samples": 16.0, "rpn/num_neg_anchors": 252.75, "rpn/num_pos_anchors": 3.25, "time": 0.0945461755618453, "total_loss": 0.7683918920811266}
{"data_time": 0.004802812356501818, "eta_seconds": 25.40997913107276, "fast_rcnn/cls_accuracy": 0.99609375, "fast_rcnn/false_negative": 0.0, "fast_rcnn/fg_cls_accuracy": 1.0, "iteration": 219, "loss_box_reg": 0.3174898624420166, "loss_cls": 0.047910161316394806,